{"cameraMode":{"drawMode":0,"name":"Shaded","section":"Shading Mode"},"sceneLighting":true,"audioPlay":false,"sceneViewState":{"showFog":true,"showMaterialUpdate":false,"showSkybox":true,"showFlares":true,"showImageEffects":true,"showParticleSystems":true},"in2DMode":false,"pivot":{"x":6.322314739227295,"y":1.1101282835006714,"z":-1.960683822631836},"rotation":{"x":0.10899835079908371,"y":0.07150695472955704,"z":-0.007861443795263768,"w":0.9914364218711853},"size":4.890902042388916,"orthographic":true}